{
  "stats": {
    "lattice-hybrid": {
      "grid_step": {
        "mean": 0.255,
        "std": 0.17324116139070414,
        "min": 0.01,
        "max": 0.5,
        "median": 0.255
      },
      "k": {
        "mean": 9.0,
        "std": 4.898979485566356,
        "min": 3.0,
        "max": 15.0,
        "median": 9.0
      },
      "mse_global": {
        "mean": 0.369098098458733,
        "std": 0.44597872165881536,
        "min": 0.007100012692079889,
        "max": 1.5977871877930843,
        "median": 0.22626057623182436
      },
      "recall_at_10": {
        "mean": 0.1325525925925926,
        "std": 0.05761520482139933,
        "min": 0.05,
        "max": 0.233,
        "median": 0.15680000000000002
      },
      "recall_at_100": {
        "mean": 0.7103702222222222,
        "std": 0.15225581764943752,
        "min": 0.42152000000000006,
        "max": 0.9583599999999999,
        "median": 0.7539199999999999
      },
      "mrr": {
        "mean": 0.040950235155790715,
        "std": 0.019044309413640305,
        "min": 0.01223968253968254,
        "max": 0.07155714285714285,
        "median": 0.046957936507936504
      },
      "ndcg_at_10": {
        "mean": 0.3389557051472022,
        "std": 0.18811716599046993,
        "min": 0.09054758922994666,
        "max": 0.6559785403254224,
        "median": 0.2838379055168893
      },
      "compression_time_seconds": {
        "mean": 0.003592468191076208,
        "std": 0.0017330705627443825,
        "min": 0.0014421939849853516,
        "max": 0.0074040889739990234,
        "median": 0.0035507678985595703
      },
      "memory_bits": {
        "mean": 2102.9925925925927,
        "std": 1064.6213411091899,
        "min": 768.0,
        "max": 3840.0,
        "median": 2304.0
      },
      "unique_centroids": {
        "mean": 8.214814814814815,
        "std": 4.158677113707773,
        "min": 3.0,
        "max": 15.0,
        "median": 9.0
      }
    },
    "boundary-aware": {
      "grid_step": {
        "mean": 0.255,
        "std": 0.17324116139070414,
        "min": 0.01,
        "max": 0.5,
        "median": 0.255
      },
      "k": {
        "mean": 9.0,
        "std": 4.898979485566356,
        "min": 3.0,
        "max": 15.0,
        "median": 9.0
      },
      "mse_global": {
        "mean": 0.369113341908443,
        "std": 0.4460992374532809,
        "min": 0.007100480699559329,
        "max": 1.6083892605922003,
        "median": 0.22589491541131784
      },
      "recall_at_10": {
        "mean": 0.14858666666666664,
        "std": 0.05525756633291985,
        "min": 0.057,
        "max": 0.2468,
        "median": 0.1666
      },
      "recall_at_100": {
        "mean": 0.7078445925925926,
        "std": 0.1516537605632718,
        "min": 0.42856,
        "max": 0.9583600000000001,
        "median": 0.7548199999999999
      },
      "mrr": {
        "mean": 0.05347661375661376,
        "std": 0.024684877628451583,
        "min": 0.015001587301587304,
        "max": 0.09824126984126984,
        "median": 0.056662698412698415
      },
      "ndcg_at_10": {
        "mean": 0.35387971201042384,
        "std": 0.17966210275485017,
        "min": 0.09627053397165437,
        "max": 0.6548216528884594,
        "median": 0.302210920759563
      },
      "compression_time_seconds": {
        "mean": 0.0076941242924443,
        "std": 0.0021519268565147695,
        "min": 0.0051615238189697266,
        "max": 0.011649370193481445,
        "median": 0.007424116134643555
      },
      "memory_bits": {
        "mean": 3718.637037037037,
        "std": 1840.9941380694386,
        "min": 768.0,
        "max": 7424.0,
        "median": 4096.0
      },
      "unique_centroids": {
        "mean": 14.525925925925925,
        "std": 7.191383351833744,
        "min": 3.0,
        "max": 29.0,
        "median": 16.0
      }
    }
  },
  "comparison": {
    "recall_at_10": {
      "baseline": 0.1325525925925926,
      "boundary_aware": 0.14858666666666664,
      "improvement_pct": 12.096386619427058,
      "significant": true
    },
    "recall_at_100": {
      "baseline": 0.7103702222222222,
      "boundary_aware": 0.7078445925925926,
      "improvement_pct": -0.3555370918742668,
      "significant": false
    },
    "mrr": {
      "baseline": 0.040950235155790715,
      "boundary_aware": 0.05347661375661376,
      "improvement_pct": 30.589271473455028,
      "significant": true
    },
    "ndcg_at_10": {
      "baseline": 0.3389557051472022,
      "boundary_aware": 0.35387971201042384,
      "improvement_pct": 4.4029372087837935,
      "significant": true
    },
    "mse_global": {
      "baseline": 0.369098098458733,
      "boundary_aware": 0.369113341908443,
      "improvement_pct": -0.004129918244959312,
      "significant": false
    },
    "compression_time_seconds": {
      "baseline": 0.003592468191076208,
      "boundary_aware": 0.0076941242924443,
      "improvement_pct": -114.17376252785539,
      "significant": true
    }
  },
  "verdict": "\u274c REJECTED"
}