{
  "dataset": "synthetic_rings",
  "num_runs": 2,
  "grid_values": [
    0.01,
    0.045,
    0.07999999999999999,
    0.11499999999999998,
    0.15,
    0.185,
    0.21999999999999997,
    0.25499999999999995,
    0.29,
    0.32499999999999996,
    0.36,
    0.39499999999999996,
    0.42999999999999994,
    0.46499999999999997,
    0.5
  ],
  "mean_delta_boundary": [
    1.5907819893376453e-05,
    8.055185371254603e-05,
    0.0001916509980324739,
    0.0003076565486657909,
    0.0005254176661398772,
    0.0006912178556165816,
    0.0009619623604065891,
    0.001444997434760939,
    0.001677727450816905,
    0.0020452859285922703,
    0.0024813990692124067,
    0.0028653195206737756,
    0.0032471412460997997,
    0.0037950817344417917,
    0.0046826537577517495
  ],
  "std_delta_boundary": [
    1.048315390836734e-05,
    3.272631198732236e-05,
    8.096787907646178e-05,
    0.00010125896943506174,
    0.0001367783628777201,
    0.00010659510913027352,
    0.00016811387484497663,
    0.00028491112135275195,
    0.00024407525813805613,
    0.00030527396581129693,
    0.00029416304550748586,
    0.0003092852089982886,
    0.00034918131814287457,
    0.00043528536519892464,
    0.0003684363175499626
  ],
  "zero_crossings": [],
  "high_variance_regions": [
    0.46499999999999997,
    0.5
  ],
  "average_std_dev": 0.00021516901746398832
}